Authors,Publication_year,Title,Publication_page_link,Authors_profile_page_link
Ayoubi R Crawford M,21 May 2023,A revisit to the role of gender in moderating the effect of emotional intelligence on leadership effectiveness: A study from Egypt,https://pureportal.coventry.ac.uk/en/publications/a-revisit-to-the-role-of-gender-in-moderating-the-effect-of-emoti,"['https://pureportal.coventry.ac.uk/en/persons/rami-ayoubi', 'https://pureportal.coventry.ac.uk/en/persons/megan-crawford']"
Johnson E Ezeonyeka G,25 Mar 2023,Becoming Nigerian,https://pureportal.coventry.ac.uk/en/publications/becoming-nigerian,"['https://pureportal.coventry.ac.uk/en/persons/emmanuel-johnson', 'https://pureportal.coventry.ac.uk/en/persons/godswill-ezeonyeka']"
Dang Q Morini L,11 Mar 2023,Between sameness and difference: challenges for TNE,https://pureportal.coventry.ac.uk/en/publications/between-sameness-and-difference-challenges-for-tne,"['https://pureportal.coventry.ac.uk/en/persons/que-anh-dang', 'https://pureportal.coventry.ac.uk/en/persons/luca-morini']"
Karakus M,29 May 2023,Coming out of the shadows: Investing in English private tutoring at a transition point in Kazakhstan’s education system during the global pandemic,https://pureportal.coventry.ac.uk/en/publications/coming-out-of-the-shadows-investing-in-english-private-tutoring-a,['https://pureportal.coventry.ac.uk/en/persons/mehmet-karakus']
Orsini-Jones M,1 May 2023,Foreword,https://pureportal.coventry.ac.uk/en/publications/foreword-2,['https://pureportal.coventry.ac.uk/en/persons/marina-orsini-jones']
Grant C A Tramontano C,2 Jan 2023,Getting the measure of remote e-working: a revision and further validation of the E-work life scale,https://pureportal.coventry.ac.uk/en/publications/getting-the-measure-of-remote-e-working-a-revision-and-further-va,"['https://pureportal.coventry.ac.uk/en/persons/christine-grant', 'https://pureportal.coventry.ac.uk/en/persons/carlo-tramontano']"
Cawston J Angelov D,16 May 2023,Hacking the Museum: Mandela27 - A Democratic DIY Pop-Up Installation,https://pureportal.coventry.ac.uk/en/publications/hacking-the-museum-mandela27-a-democratic-diy-pop-up-installation,"['https://pureportal.coventry.ac.uk/en/persons/jacqueline-cawston-2', 'https://pureportal.coventry.ac.uk/en/persons/dimitar-angelov']"
Lawson D Muhammad R R Aslam F Crawford M,15 Jun 2023,Indonesian 2013 Curriculum Ten Years On: Impact on Mathematics Teaching,https://pureportal.coventry.ac.uk/en/publications/indonesian-2013-curriculum-ten-years-on-impact-on-mathematics-tea,"['https://pureportal.coventry.ac.uk/en/persons/duncan-lawson', 'https://pureportal.coventry.ac.uk/en/persons/rosida-rakhmawati-muhammad', 'https://pureportal.coventry.ac.uk/en/persons/farzana-aslam', 'https://pureportal.coventry.ac.uk/en/persons/megan-crawford']"
Cawston J,30 Oct 2023,"Interactive Media for Cultural Heritage book: ""From Headsets to Mindsets: A Taxonomy for Human-centred Extended Reality Experimentations for Cultural Heritage.""  ",https://pureportal.coventry.ac.uk/en/publications/interactive-media-for-cultural-heritage-book-from-headsets-to-min,['https://pureportal.coventry.ac.uk/en/persons/jacqueline-cawston-2']
Karakus M,3 Jun 2023,Measuring student well-being in adolescence: proposal of a five-factor integrative model based on PISA 2018 survey data,https://pureportal.coventry.ac.uk/en/publications/measuring-student-well-being-in-adolescence-proposal-of-a-five-fa,['https://pureportal.coventry.ac.uk/en/persons/mehmet-karakus']
Dang Q,3 Apr 2023,'Nordic added value’: a floating signifier and a mechanism for Nordic higher education regionalism,https://pureportal.coventry.ac.uk/en/publications/nordic-added-value-a-floating-signifier-and-a-mechanism-for-nordi,['https://pureportal.coventry.ac.uk/en/persons/que-anh-dang']
Karakus M,5 Jul 2023,Obituary for Zoltán Dörnyei (1960–2022): a bibliometric mapping of his publications,https://pureportal.coventry.ac.uk/en/publications/obituary-for-zolt%C3%A1n-d%C3%B6rnyei-19602022-a-bibliometric-mapping-of-hi,['https://pureportal.coventry.ac.uk/en/persons/mehmet-karakus']
Gilbert H J Lawson D Hodds M,19 Mar 2023,Post-pandemic online mathematics and statistics support: Practitioners’ opinions in Germany and Great Britain & Ireland,https://pureportal.coventry.ac.uk/en/publications/post-pandemic-online-mathematics-and-statistics-support-practitio,"['https://pureportal.coventry.ac.uk/en/persons/holly-jade-gilbert', 'https://pureportal.coventry.ac.uk/en/persons/duncan-lawson', 'https://pureportal.coventry.ac.uk/en/persons/mark-hodds']"
Fero K,26 May 2023,Resistant Imagery in Struggles for Justice,https://pureportal.coventry.ac.uk/en/publications/resistant-imagery-in-struggles-for-justice,['https://pureportal.coventry.ac.uk/en/persons/ken-fero']
Wimpenny K Arnab S,2023,The engaged university: Exploring mutuality and reciprocity between and within communities inside and outside universities through ACES.,https://pureportal.coventry.ac.uk/en/publications/the-engaged-university-exploring-mutuality-and-reciprocity-betwee,"['https://pureportal.coventry.ac.uk/en/persons/katherine-wimpenny', 'https://pureportal.coventry.ac.uk/en/persons/sylvester-arnab']"
Hodds M,18 Jan 2023,The impact of Covid-19 on mathematical entry competencies: 1 year on,https://pureportal.coventry.ac.uk/en/publications/the-impact-of-covid-19-on-mathematical-entry-competencies-1-year-,['https://pureportal.coventry.ac.uk/en/persons/mark-hodds']
Karakus M,27 May 2023,"The role of teacher selection criteria and preparation on teacher self-efficacy, satisfaction, and commitment: An analysis of Kazakhstani TALIS data",https://pureportal.coventry.ac.uk/en/publications/the-role-of-teacher-selection-criteria-and-preparation-on-teacher,['https://pureportal.coventry.ac.uk/en/persons/mehmet-karakus']
Karakus M,26 Feb 2023,Throwing light on fee-charging tutoring during the global pandemic in Kazakhstan: implications for the future of higher education,https://pureportal.coventry.ac.uk/en/publications/throwing-light-on-fee-charging-tutoring-during-the-global-pandemi,['https://pureportal.coventry.ac.uk/en/persons/mehmet-karakus']
Karakus M,23 Jun 2023,Transformational school leadership: a systematic review of research in a centralized education system,https://pureportal.coventry.ac.uk/en/publications/transformational-school-leadership-a-systematic-review-of-researc,['https://pureportal.coventry.ac.uk/en/persons/mehmet-karakus']
Karakus M,May 2023,Understanding the Academic Achievement of the First- and Second-Generation Immigrant Students: A Multi-level Analysis of PISA 2018 Data,https://pureportal.coventry.ac.uk/en/publications/understanding-the-academic-achievement-of-the-first-and-second-ge,['https://pureportal.coventry.ac.uk/en/persons/mehmet-karakus']
Johnson E,1 Jun 2023,What does it Mean to be Educated in Nigerian Student Experience?,https://pureportal.coventry.ac.uk/en/publications/what-does-it-mean-to-be-educated-in-nigerian-student-experience,['https://pureportal.coventry.ac.uk/en/persons/emmanuel-johnson']
Morini L,Dec 2022,75 Years of Scouting/Guiding Activities in Pakistan - Celebrating the Shared British Heritage of Active Citizenship,https://pureportal.coventry.ac.uk/en/publications/75-years-of-scoutingguiding-activities-in-pakistan-celebrating-th,['https://pureportal.coventry.ac.uk/en/persons/luca-morini']
Karakus M,Jun 2022,"A bibliometric mapping of shadow education research: achievements, limitations, and the future",https://pureportal.coventry.ac.uk/en/publications/a-bibliometric-mapping-of-shadow-education-research-achievements-,['https://pureportal.coventry.ac.uk/en/persons/mehmet-karakus']
Wimpenny K Arnab S,6 Sept 2022,ACES - A Community-centred Educational Model for Developing Social Resilience,https://pureportal.coventry.ac.uk/en/publications/aces-a-community-centred-educational-model-for-developing-social-,"['https://pureportal.coventry.ac.uk/en/persons/katherine-wimpenny', 'https://pureportal.coventry.ac.uk/en/persons/sylvester-arnab']"
Fero K,15 Jun 2022,"After Carlo Giuliani, After Joy Gardner, After George Floyd – collective memory and radical film'.",https://pureportal.coventry.ac.uk/en/publications/after-carlo-giuliani-after-joy-gardner-after-george-floyd-collect,['https://pureportal.coventry.ac.uk/en/persons/ken-fero']
Khashab B Ayoubi R,24 Nov 2022,Analysing enterprise resources for developing CRM framework in higher education institutions,https://pureportal.coventry.ac.uk/en/publications/analysing-enterprise-resources-for-developing-crm-framework-in-hi,"['https://pureportal.coventry.ac.uk/en/persons/basel-khashab', 'https://pureportal.coventry.ac.uk/en/persons/rami-ayoubi']"
Orsini-Jones M,May 2022,A ‘Glocal’  Community of Practice to Support International ELT (English Language Teaching) Students in the UK: Project BMELTET ,https://pureportal.coventry.ac.uk/en/publications/a-glocal-community-of-practice-to-support-international-elt-engli,['https://pureportal.coventry.ac.uk/en/persons/marina-orsini-jones']
Morini L,24 May 2022,Being All Over the Place and Pulling Oneself Together,https://pureportal.coventry.ac.uk/en/publications/being-all-over-the-place-and-pulling-oneself-together,['https://pureportal.coventry.ac.uk/en/persons/luca-morini']
Rodrigues Amorim Adegboye A Stuart K Rehling T Gilkes G Carroll J Kneafsey R,4 Oct 2022,Being there in a crisis: increasing access to the paramedic profession for BME communities,https://pureportal.coventry.ac.uk/en/publications/being-there-in-a-crisis-increasing-access-to-the-paramedic-profes,"['https://pureportal.coventry.ac.uk/en/persons/amanda-r-a-adegboye', 'https://pureportal.coventry.ac.uk/en/persons/kim-stuart', 'https://pureportal.coventry.ac.uk/en/persons/tracey-rehling', 'https://pureportal.coventry.ac.uk/en/persons/gary-gilkes', 'https://pureportal.coventry.ac.uk/en/persons/julia-carroll', 'https://pureportal.coventry.ac.uk/en/persons/rosie-kneafsey']"
Hodds M Lawson D,1 Jun 2022,Changes in student entry competencies 2001 - 2017,https://pureportal.coventry.ac.uk/en/publications/changes-in-student-entry-competencies-2001-2017,"['https://pureportal.coventry.ac.uk/en/persons/mark-hodds', 'https://pureportal.coventry.ac.uk/en/persons/duncan-lawson']"
Morini L,30 Dec 2022,Critical digital literacy as a key for (post)digital citizenship: an international review of teacher competence frameworks,https://pureportal.coventry.ac.uk/en/publications/critical-digital-literacy-as-a-key-for-postdigital-citizenship-an,['https://pureportal.coventry.ac.uk/en/persons/luca-morini']
Wimpenny K,10 Nov 2022,Curriculum Internationalization and the ‘Decolonizing Academic’,https://pureportal.coventry.ac.uk/en/publications/curriculum-internationalization-and-the-decolonizing-academic,['https://pureportal.coventry.ac.uk/en/persons/katherine-wimpenny']
Clouder L,2 Dec 2022,Development of autonomy on placement: perceptions of physiotherapy students and educators in Australia and the United Kingdom,https://pureportal.coventry.ac.uk/en/publications/development-of-autonomy-on-placement-perceptions-of-physiotherapy,['https://pureportal.coventry.ac.uk/en/persons/deanne-clouder']
Wimpenny K Dang Q Morini L,16 Mar 2022,Doctorate Supervision in Virtual Borderland Spaces,https://pureportal.coventry.ac.uk/en/publications/doctorate-supervision-in-virtual-borderland-spaces,"['https://pureportal.coventry.ac.uk/en/persons/katherine-wimpenny', 'https://pureportal.coventry.ac.uk/en/persons/que-anh-dang', 'https://pureportal.coventry.ac.uk/en/persons/luca-morini']"
Ayoubi R,11 May 2022,"Do governmental institutions’ readiness Influence citizens’ acceptance of e-services? Technology task fit, system quality, and facilitating conditions as antecedents",https://pureportal.coventry.ac.uk/en/publications/do-governmental-institutions-readiness-influence-citizens-accepta,['https://pureportal.coventry.ac.uk/en/persons/rami-ayoubi']
Hodds M,25 Mar 2022,Editorial: CETL-MSOR Conference Special Issue 1: Responding to the COVID-19 pandemic,https://pureportal.coventry.ac.uk/en/publications/editorial-cetl-msor-conference-special-issue-1-responding-to-the-,['https://pureportal.coventry.ac.uk/en/persons/mark-hodds']
Hodds M,12 May 2022,"Editorial: CETL-MSOR Conference Special Issue 2: Innovations in teaching, learning, assessment and support",https://pureportal.coventry.ac.uk/en/publications/editorial-cetl-msor-conference-special-issue-2-innovations-in-tea,['https://pureportal.coventry.ac.uk/en/persons/mark-hodds']
Clouder L Bluteau P,2 Jan 2022,Education for Integrated Working – A Qualitative Research Study Exploring and Contextualizing how Practitioners Learn in Practice,https://pureportal.coventry.ac.uk/en/publications/education-for-integrated-working-a-qualitative-research-study-exp,"['https://pureportal.coventry.ac.uk/en/persons/deanne-clouder', 'https://pureportal.coventry.ac.uk/en/persons/patricia-bluteau']"
,17 Mar 2022,Emotional Intelligence: its importance to HE professional services team members during challenging times,https://pureportal.coventry.ac.uk/en/publications/emotional-intelligence-its-importance-to-he-professional-services,[]
Price C,30 Oct 2022,"Evaluation of the ThinkHigher Uni Connect Programme Coventry and Warwickshire, in Year 10 students",https://pureportal.coventry.ac.uk/en/publications/evaluation-of-the-thinkhigher-uni-connect-programme-coventry-and-,['https://pureportal.coventry.ac.uk/en/persons/charlotte-price']
Price C,30 Oct 2022,"Evaluation of the ThinkHigher Uni Connect Programme Coventry and Warwickshire, in Year 12 students",https://pureportal.coventry.ac.uk/en/publications/evaluation-of-the-thinkhigher-uni-connect-programme-coventry-and--2,['https://pureportal.coventry.ac.uk/en/persons/charlotte-price']
Wimpenny K,3 Jan 2022,Exploring Students' Experiences in Occupational Therapy Education: A Phenomenological Study of Professional Identity Development,https://pureportal.coventry.ac.uk/en/publications/exploring-students-experiences-in-occupational-therapy-education-,['https://pureportal.coventry.ac.uk/en/persons/katherine-wimpenny']
Hasri E Ayoubi R Mohiuddin Babu M Ferreira J,11 May 2022,Exploring the factors that impacts the self-directed learning of academic staff in universities,https://pureportal.coventry.ac.uk/en/publications/exploring-the-factors-that-impacts-the-self-directed-learning-of-,"['https://pureportal.coventry.ac.uk/en/persons/eddie-hasri', 'https://pureportal.coventry.ac.uk/en/persons/rami-ayoubi', 'https://pureportal.coventry.ac.uk/en/persons/mujahid-mohiuddin-babu', 'https://pureportal.coventry.ac.uk/en/persons/jennifer-ferreira']"
Fero K,6 Mar 2022,Exposed: Nursing Narratives – Racism and the Pandemic,https://pureportal.coventry.ac.uk/en/publications/exposed-nursing-narratives-racism-and-the-pandemic,['https://pureportal.coventry.ac.uk/en/persons/ken-fero']
Grawemeyer B Halloran J England M,6 Jan 2022,Feedback and Engagement on an Introductory Programming Module,https://pureportal.coventry.ac.uk/en/publications/feedback-and-engagement-on-an-introductory-programming-module,"['https://pureportal.coventry.ac.uk/en/persons/beate-grawemeyer', 'https://pureportal.coventry.ac.uk/en/persons/john-halloran', 'https://pureportal.coventry.ac.uk/en/persons/matthew-england']"
Jacobo J,1 Jan 2022,Figures of a Gender Now Upon Us: The Transfeminine in Contemporary Queer Fiction from the Philippines,https://pureportal.coventry.ac.uk/en/publications/figures-of-a-gender-now-upon-us-the-transfeminine-in-contemporary,['https://pureportal.coventry.ac.uk/en/persons/jaya-jacobo']
Wimpenny K,2022,Foreword by Prof. Katherine Wimpenny,https://pureportal.coventry.ac.uk/en/publications/foreword-by-prof-katherine-wimpenny,['https://pureportal.coventry.ac.uk/en/persons/katherine-wimpenny']
Ayoubi R Kamal M M,1 Mar 2022,Gamified flipped classroom versus traditional classroom learning: Which approach is more efficient in business education?,https://pureportal.coventry.ac.uk/en/publications/gamified-flipped-classroom-versus-traditional-classroom-learning-,"['https://pureportal.coventry.ac.uk/en/persons/rami-ayoubi', 'https://pureportal.coventry.ac.uk/en/persons/muhammad-mustafa-kamal']"
Wimpenny K,6 Sept 2022,"Global Citizenship Education and Sustainability: overcoming contradictions, tensions, rhetoric, and ‘flaws’: Global Citizenship and Borderland Learning ",https://pureportal.coventry.ac.uk/en/publications/global-citizenship-education-and-sustainability-overcoming-contra,['https://pureportal.coventry.ac.uk/en/persons/katherine-wimpenny']
Dang Q DeWinter A Morini L Wimpenny K,2022,Global Learning and Assessment; How can global citizenship-oriented curricula enhance teaching training?,https://pureportal.coventry.ac.uk/en/publications/global-learning-and-assessment-how-can-global-citizenship-oriente,"['https://pureportal.coventry.ac.uk/en/persons/que-anh-dang', 'https://pureportal.coventry.ac.uk/en/persons/alun-dewinter', 'https://pureportal.coventry.ac.uk/en/persons/luca-morini', 'https://pureportal.coventry.ac.uk/en/persons/katherine-wimpenny']"
Morini L,27 May 2022,Higher education decolonisation: #Whose voices and their geographical locations?,https://pureportal.coventry.ac.uk/en/publications/higher-education-decolonisation-whose-voices-and-their-geographic,['https://pureportal.coventry.ac.uk/en/persons/luca-morini']
,Apr 2022,"Identifying service users' experience of the education, health and care plan process: A systematic literature review",https://pureportal.coventry.ac.uk/en/publications/identifying-service-users-experience-of-the-education-health-and-,[]
Alsop S Oxford S W,21 Dec 2022,Intra and Inter-Rater Reliability of a Novel Isometric Test of Neck Strength,https://pureportal.coventry.ac.uk/en/publications/intra-and-inter-rater-reliability-of-a-novel-isometric-test-of-ne,"['https://pureportal.coventry.ac.uk/en/persons/sian-alsop', 'https://pureportal.coventry.ac.uk/en/persons/sam-oxford']"
,10 May 2022,Investigating Cultures of Equality,https://pureportal.coventry.ac.uk/en/publications/investigating-cultures-of-equality,[]
Wimpenny K Orsini-Jones M,May 2022,"Knowing, Being, Relating and Expressing through Third Space Global South-North COIL: Digital Inclusion and Equity in International Higher Education",https://pureportal.coventry.ac.uk/en/publications/knowing-being-relating-and-expressing-through-third-space-global-,"['https://pureportal.coventry.ac.uk/en/persons/katherine-wimpenny', 'https://pureportal.coventry.ac.uk/en/persons/marina-orsini-jones']"
Crawford M,7 Jun 2022,Local Authorities as actors in the emerging ‘school-led’ system in England,https://pureportal.coventry.ac.uk/en/publications/local-authorities-as-actors-in-the-emerging-school-led-system-in-,['https://pureportal.coventry.ac.uk/en/persons/megan-crawford']
Clouder L Karakus M,22 Mar 2022,Neurodiversidad en la Educación Superior: la experiencia de los estudiantes ,https://pureportal.coventry.ac.uk/en/publications/neurodiversidad-en-la-educaci%C3%B3n-superior-la-experiencia-de-los-es,"['https://pureportal.coventry.ac.uk/en/persons/deanne-clouder', 'https://pureportal.coventry.ac.uk/en/persons/mehmet-karakus']"
Karakus M Clouder D L,6 Oct 2022,Nurturing a Climate of Innovation in a Didactic Educational System: A Case Study Exploring Leadership in Private Schools in Turkey,https://pureportal.coventry.ac.uk/en/publications/nurturing-a-climate-of-innovation-in-a-didactic-educational-syste,"['https://pureportal.coventry.ac.uk/en/persons/mehmet-karakus', 'https://pureportal.coventry.ac.uk/en/persons/deanne-clouder']"
Tramontano C Wright H,Apr 2022,Older Individuals Convicted of Sexual Offenses: A Literature Review,https://pureportal.coventry.ac.uk/en/publications/older-individuals-convicted-of-sexual-offenses-a-literature-revie,"['https://pureportal.coventry.ac.uk/en/persons/carlo-tramontano', 'https://pureportal.coventry.ac.uk/en/persons/hayley-wright']"
Orsini-Jones M,4 Jun 2022,Out of the comfort zone: The Trouble With A Mooc-Virtual Exchange (Ve) Blend At The Time Of The Covid 19 Pandemic,https://pureportal.coventry.ac.uk/en/publications/out-of-the-comfort-zone-the-trouble-with-a-mooc-virtual-exchange-,['https://pureportal.coventry.ac.uk/en/persons/marina-orsini-jones']
Jacobo J,22 Nov 2022,Pedagogy of queer studies beyond empire,https://pureportal.coventry.ac.uk/en/publications/pedagogy-of-queer-studies-beyond-empire,['https://pureportal.coventry.ac.uk/en/persons/jaya-jacobo']
,13 May 2022,Performing Cultures of Equality,https://pureportal.coventry.ac.uk/en/publications/performing-cultures-of-equality,[]
Morini L Chen Y-F Dawson M,2022,Playful Participatory Mapping – Co-creating Games to Foster Systems Thinking,https://pureportal.coventry.ac.uk/en/publications/playful-participatory-mapping-co-creating-games-to-foster-systems,"['https://pureportal.coventry.ac.uk/en/persons/luca-morini', 'https://pureportal.coventry.ac.uk/en/persons/yung-fang-chen', 'https://pureportal.coventry.ac.uk/en/persons/mark-dawson']"
Morini L,10 Oct 2022,Prendersi (il) gioco: la prospettiva della co-progettazione contro l’egemonia dei sistemi chiusi nei giochi educativi,https://pureportal.coventry.ac.uk/en/publications/prendersi-il-gioco-la-prospettiva-della-co-progettazione-contro-l,['https://pureportal.coventry.ac.uk/en/persons/luca-morini']
Crawford M,2 Jan 2022,"Principal, let’s talk about emotions: some lessons COVID-19 taught us about emergency situations and leadership",https://pureportal.coventry.ac.uk/en/publications/principal-lets-talk-about-emotions-some-lessons-covid-19-taught-u,['https://pureportal.coventry.ac.uk/en/persons/megan-crawford']
Morini L,1 Jan 2022,Questioning the Published: On the Unpublishability and (Therefore) the Importance of Invisible (Academic) Activism,https://pureportal.coventry.ac.uk/en/publications/questioning-the-published-on-the-unpublishability-and-therefore-t,['https://pureportal.coventry.ac.uk/en/persons/luca-morini']
Raven S,17 Mar 2022,Reimagining Qualitative Social Research Fieldwork to Move Online: Perceptions of Racism Among Physical Education Students,https://pureportal.coventry.ac.uk/en/publications/reimagining-qualitative-social-research-fieldwork-to-move-online-,['https://pureportal.coventry.ac.uk/en/persons/steve-raven']
,30 Sept 2022,Representation and diversity in the sign language translation and interpreting profession in the United Kingdom,https://pureportal.coventry.ac.uk/en/publications/representation-and-diversity-in-the-sign-language-translation-and,[]
Tramontano C,8 Mar 2022,"Self-efficacy in the Classroom: The Roles of Motivation, Positivity and Resilience",https://pureportal.coventry.ac.uk/en/publications/self-efficacy-in-the-classroom-the-roles-of-motivation-positivity,['https://pureportal.coventry.ac.uk/en/persons/carlo-tramontano']
,Jun 2022,Sleep-disordered breathing and daytime sleepiness predict children’s reading ability,https://pureportal.coventry.ac.uk/en/publications/sleep-disordered-breathing-and-daytime-sleepiness-predict-childre,[]
,5 Apr 2022,Strategy and sustainability discourses in higher education partnership building between China and UK,https://pureportal.coventry.ac.uk/en/publications/strategy-and-sustainability-discourses-in-higher-education-partne,[]
Wimpenny K,13 Oct 2022,Students’ perceptions and experiences of translanguaging pedagogy in teaching English for academic purposes in China,https://pureportal.coventry.ac.uk/en/publications/students-perceptions-and-experiences-of-translanguaging-pedagogy-,['https://pureportal.coventry.ac.uk/en/persons/katherine-wimpenny']
Wimpenny K,6 Sept 2022,Taking COIL Virtual Exchange to Scale: 2004-2020,https://pureportal.coventry.ac.uk/en/publications/taking-coil-virtual-exchange-to-scale-2004-2020,['https://pureportal.coventry.ac.uk/en/persons/katherine-wimpenny']
,Aug 2022,Teacher–researcher partnership in the translation and implementing of PALS (Peer‐Assisted Learning Strategies): An international perspective,https://pureportal.coventry.ac.uk/en/publications/teacherresearcher-partnership-in-the-translation-and-implementing,[]
Lawson D,30 Jan 2022,"The development of mathematics support: teaching and learning practices, scholarship and communities",https://pureportal.coventry.ac.uk/en/publications/the-development-of-mathematics-support-teaching-and-learning-prac,['https://pureportal.coventry.ac.uk/en/persons/duncan-lawson']
Price C Owen A Lawson D,8 Apr 2022,The Impact of COVID-19 on Year 13 A level Mathematics Students: findings of a small-scale survey,https://pureportal.coventry.ac.uk/en/publications/the-impact-of-covid-19-on-year-13-a-level-mathematics-students-fi,"['https://pureportal.coventry.ac.uk/en/persons/charlotte-price', 'https://pureportal.coventry.ac.uk/en/persons/alun-owen', 'https://pureportal.coventry.ac.uk/en/persons/duncan-lawson']"
Tramontano C,1 Jan 2022,The Implicit Component of Moral Disengagement: Applying the Relational Responding Task to Investigate Its Relationship With Cheating Behavior,https://pureportal.coventry.ac.uk/en/publications/the-implicit-component-of-moral-disengagement-applying-the-relati,['https://pureportal.coventry.ac.uk/en/persons/carlo-tramontano']
Lawson D,2022,The importance of mathematics and statistics support in English universities: An analysis of institutionally-written regulatory documents,https://pureportal.coventry.ac.uk/en/publications/the-importance-of-mathematics-and-statistics-support-in-english-u,['https://pureportal.coventry.ac.uk/en/persons/duncan-lawson']
Karakus M,2 Aug 2022,The influence of ict use and related attitudes on students’ math and science performance: multilevel analyses of the last decade’s pisa surveys,https://pureportal.coventry.ac.uk/en/publications/the-influence-of-ict-use-and-related-attitudes-on-students-math-a,['https://pureportal.coventry.ac.uk/en/persons/mehmet-karakus']
Muhammad R R Lawson D Aslam F Crawford M,15 May 2022,The Scientific Approach of The Indonesian 2013 Curriculum: A Comparison with Other Active Learning Strategies in Mathematics,https://pureportal.coventry.ac.uk/en/publications/the-scientific-approach-of-the-indonesian-2013-curriculum-a-compa,"['https://pureportal.coventry.ac.uk/en/persons/rosida-rakhmawati-muhammad', 'https://pureportal.coventry.ac.uk/en/persons/duncan-lawson', 'https://pureportal.coventry.ac.uk/en/persons/farzana-aslam', 'https://pureportal.coventry.ac.uk/en/persons/megan-crawford']"
Ayoubi R Crawford M,2022,The student experiences of teaching and learning in transnational higher education: A phenomenographic study from a British-Qatari partnership,https://pureportal.coventry.ac.uk/en/publications/the-student-experiences-of-teaching-and-learning-in-transnational,"['https://pureportal.coventry.ac.uk/en/persons/rami-ayoubi', 'https://pureportal.coventry.ac.uk/en/persons/megan-crawford']"
Morini L,10 Jun 2022,The University Colonised/Coloniser,https://pureportal.coventry.ac.uk/en/publications/the-university-colonisedcoloniser,['https://pureportal.coventry.ac.uk/en/persons/luca-morini']
Wimpenny K,2022,Using open education practices across the Mediterranean for intercultural curriculum development in higher education,https://pureportal.coventry.ac.uk/en/publications/using-open-education-practices-across-the-mediterranean-for-inter-2,['https://pureportal.coventry.ac.uk/en/persons/katherine-wimpenny']
Crawford M,7 Feb 2022,Walking with teachers: A study to explore the importance of teacher wellbeing and their careers,https://pureportal.coventry.ac.uk/en/publications/walking-with-teachers-a-study-to-explore-the-importance-of-teache,['https://pureportal.coventry.ac.uk/en/persons/megan-crawford']
,18 Feb 2022,"Women Construction Workers in Bangladesh: Health, Wellbeing, and Domestic Abuse during the COVID-19 Pandemic",https://pureportal.coventry.ac.uk/en/publications/women-construction-workers-in-bangladesh-health-wellbeing-and-dom,[]
Grant C Tramontano C,14 Feb 2022,“It needs to be the right blend”: a qualitative exploration of remote e-workers’ experience and well-being at work.”,https://pureportal.coventry.ac.uk/en/publications/it-needs-to-be-the-right-blend-a-qualitative-exploration-of-remot,"['https://pureportal.coventry.ac.uk/en/persons/christine-grant', 'https://pureportal.coventry.ac.uk/en/persons/carlo-tramontano']"
Wimpenny K DeWinter A,12 Mar 2021,"Adapting a capacity-development-in-higher-education project: Doing, being and becoming virtual collaboration",https://pureportal.coventry.ac.uk/en/publications/adapting-a-capacity-development-in-higher-education-project-doing,"['https://pureportal.coventry.ac.uk/en/persons/katherine-wimpenny', 'https://pureportal.coventry.ac.uk/en/persons/alun-dewinter']"
Lawson D,19 Jan 2021,A history of the development of the mathematics and statistics support community in the United Kingdom.  Part 1: From alpha to sigma,https://pureportal.coventry.ac.uk/en/publications/a-history-of-the-development-of-the-mathematics-and-statistics-su,['https://pureportal.coventry.ac.uk/en/persons/duncan-lawson']
Crawford M,9 Dec 2021,"""Being"" a Head of Department in an English University",https://pureportal.coventry.ac.uk/en/publications/being-a-head-of-department-in-an-english-university,['https://pureportal.coventry.ac.uk/en/persons/megan-crawford']
Clouder L,2021,Borderlanders: Academic Staff being and becoming Doctoral Students,https://pureportal.coventry.ac.uk/en/publications/borderlanders-academic-staff-being-and-becoming-doctoral-students,['https://pureportal.coventry.ac.uk/en/persons/deanne-clouder']
DeWinter A,16 Aug 2021,"Can COIL be effective in using diversity to contribute to equality? Experiences of iKudu, a European-South African consortium operating via a decolonised approach to project delivery",https://pureportal.coventry.ac.uk/en/publications/can-coil-be-effective-in-using-diversity-to-contribute-to-equalit,['https://pureportal.coventry.ac.uk/en/persons/alun-dewinter']
Crawford M,2021,Conceptualising leadership and emotions in higher education: wellbeing as wholeness,https://pureportal.coventry.ac.uk/en/publications/conceptualising-leadership-and-emotions-in-higher-education-wellb,['https://pureportal.coventry.ac.uk/en/persons/megan-crawford']
Wimpenny K,16 Sept 2021,Critiquing Inclusive Pedagogies: Online conversations on Inclusive online pedagogies,https://pureportal.coventry.ac.uk/en/publications/critiquing-inclusive-pedagogies-online-conversations-on-inclusive,['https://pureportal.coventry.ac.uk/en/persons/katherine-wimpenny']
Morini L,9 Sept 2021,Decolonising Education – Fostering Conversations - Interim Project Report,https://pureportal.coventry.ac.uk/en/publications/decolonising-education-fostering-conversations-interim-project-re,['https://pureportal.coventry.ac.uk/en/persons/luca-morini']
Tramontano C Grant C,31 Jul 2021,Development and validation of the e-Work Self-Efficacy Scale to assess digital competencies in remote working,https://pureportal.coventry.ac.uk/en/publications/development-and-validation-of-the-e-work-self-efficacy-scale-to-a,"['https://pureportal.coventry.ac.uk/en/persons/carlo-tramontano', 'https://pureportal.coventry.ac.uk/en/persons/christine-grant']"
Orsini-Jones M,1 Oct 2021,"Digital critical literacy development and intercultural awareness raising ‘in’ action, ‘on’ action and ‘for’ action in ELT",https://pureportal.coventry.ac.uk/en/publications/digital-critical-literacy-development-and-intercultural-awareness,['https://pureportal.coventry.ac.uk/en/persons/marina-orsini-jones']
Clouder L,21 Jun 2021,Dual-status academics: What makes for meaningful identity-work?,https://pureportal.coventry.ac.uk/en/publications/dual-status-academics-what-makes-for-meaningful-identity-work,['https://pureportal.coventry.ac.uk/en/persons/deanne-clouder']
Brown G Morini L Wimpenny K,17 Jul 2021,Ecologized Collaborative Online International Learning: Tackling Wicked Sustainability Problems through Education for Sustainable Development,https://pureportal.coventry.ac.uk/en/publications/ecologized-collaborative-online-international-learning-tackling-w,"['https://pureportal.coventry.ac.uk/en/persons/geraldine-brown', 'https://pureportal.coventry.ac.uk/en/persons/luca-morini', 'https://pureportal.coventry.ac.uk/en/persons/katherine-wimpenny']"
Morini L,28 Feb 2021,Education as Bulwark of Uselessness.,https://pureportal.coventry.ac.uk/en/publications/education-as-bulwark-of-uselessness,['https://pureportal.coventry.ac.uk/en/persons/luca-morini']
Karakus M,25 Jan 2021,"Emotions in Learning, Teaching, and Leadership: A Bibliometric Review of Asian Literature (1990–2018)",https://pureportal.coventry.ac.uk/en/publications/emotions-in-learning-teaching-and-leadership-a-bibliometric-revie,['https://pureportal.coventry.ac.uk/en/persons/mehmet-karakus']
Gokhool F Lawson D Hodds M Aslam F,23 Dec 2021,Exploring differential engagement with mathematics support from an engineering student focus,https://pureportal.coventry.ac.uk/en/publications/exploring-differential-engagement-with-mathematics-support-from-a,"['https://pureportal.coventry.ac.uk/en/persons/farhana-gokhool', 'https://pureportal.coventry.ac.uk/en/persons/duncan-lawson', 'https://pureportal.coventry.ac.uk/en/persons/mark-hodds', 'https://pureportal.coventry.ac.uk/en/persons/farzana-aslam']"
Bello J,18 Feb 2021,Finding our place in the world with the Sustainable Development Goals,https://pureportal.coventry.ac.uk/en/publications/finding-our-place-in-the-world-with-the-sustainable-development-g,['https://pureportal.coventry.ac.uk/en/persons/jaliyyah-bello']
,Feb 2021,How morphology impacts reading and spelling: Advancing the role of morphology in models of literacy development,https://pureportal.coventry.ac.uk/en/publications/how-morphology-impacts-reading-and-spelling-advancing-the-role-of,[]
Morini L Raven S,26 Mar 2021,Institute of Coding - Educational Evaluation Report,https://pureportal.coventry.ac.uk/en/publications/institute-of-coding-educational-evaluation-report,"['https://pureportal.coventry.ac.uk/en/persons/luca-morini', 'https://pureportal.coventry.ac.uk/en/persons/steve-raven']"
Chen Y-F Dang Q DeWinter A,30 Dec 2021,"Integrating Sustainability-Oriented Ecologies of Practice Across the Learning Cycle: Supporting Transformative Behaviours in Transgenerational, Transnational and Transdisciplinary Spaces",https://pureportal.coventry.ac.uk/en/publications/integrating-sustainability-oriented-ecologies-of-practice-across-,"['https://pureportal.coventry.ac.uk/en/persons/yung-fang-chen', 'https://pureportal.coventry.ac.uk/en/persons/que-anh-dang', 'https://pureportal.coventry.ac.uk/en/persons/alun-dewinter']"
Wimpenny K,22 Feb 2021,Internationalisation in the classroom and questions of alignment: embedding COIL in an internationalised curriculum,https://pureportal.coventry.ac.uk/en/publications/internationalisation-in-the-classroom-and-questions-of-alignment-,['https://pureportal.coventry.ac.uk/en/persons/katherine-wimpenny']
DeWinter A Wimpenny K,Apr 2021,"JOVITAL - Jordan Opportunity for Virtual Innovative Teaching and Learning Final Report on project activity and impact evaluation 2017-2021: International Online Teaching and Learning, with particular attention to the Jordanian Case ",https://pureportal.coventry.ac.uk/en/publications/jovital-jordan-opportunity-for-virtual-innovative-teaching-and-le,"['https://pureportal.coventry.ac.uk/en/persons/alun-dewinter', 'https://pureportal.coventry.ac.uk/en/persons/katherine-wimpenny']"
Lawson D,15 Apr 2021,Lessons for mathematics higher education from 25 years of mathematics support,https://pureportal.coventry.ac.uk/en/publications/lessons-for-mathematics-higher-education-from-25-years-of-mathema,['https://pureportal.coventry.ac.uk/en/persons/duncan-lawson']
Arnab S Wimpenny K,27 Sept 2021,Measuring Early-Primary Students Resilience through Playful Learning,https://pureportal.coventry.ac.uk/en/publications/measuring-early-primary-students-resilience-through-playful-learn,"['https://pureportal.coventry.ac.uk/en/persons/sylvester-arnab', 'https://pureportal.coventry.ac.uk/en/persons/katherine-wimpenny']"
Tramontano C,22 Jul 2021,Measuring Prosocial Behaviors: Psychometric Properties and Cross-National Validation of the Prosociality Scale in Five Countries,https://pureportal.coventry.ac.uk/en/publications/measuring-prosocial-behaviors-psychometric-properties-and-cross-n,['https://pureportal.coventry.ac.uk/en/persons/carlo-tramontano']
DeWinter A Harrison P Wimpenny K,29 Mar 2021,Motivation factors in student decisions to study Transnational Higher Education in China: a comparative study of two Anglo-Sino programmes,https://pureportal.coventry.ac.uk/en/publications/enhancing-transnational-education-tne-programmes-understanding-st,"['https://pureportal.coventry.ac.uk/en/persons/alun-dewinter', 'https://pureportal.coventry.ac.uk/en/persons/peter-harrison', 'https://pureportal.coventry.ac.uk/en/persons/katherine-wimpenny']"
Fero K,5 Oct 2021,Obstinate Memory: Documentary as trauma in disrupting state narratives on racial violence,https://pureportal.coventry.ac.uk/en/publications/obstinate-memory-documentary-as-trauma-in-disrupting-state-narrat,['https://pureportal.coventry.ac.uk/en/persons/ken-fero']
Wimpenny K,11 Nov 2021,Online Pedagogies Beyond the Classroom,https://pureportal.coventry.ac.uk/en/publications/online-pedagogies-beyond-the-classroom,['https://pureportal.coventry.ac.uk/en/persons/katherine-wimpenny']
Karakus M,28 Apr 2021,Outcomes of school administrators’ emotion management: A review of evidence in Asian countries,https://pureportal.coventry.ac.uk/en/publications/outcomes-of-school-administrators-emotion-management-a-review-of-,['https://pureportal.coventry.ac.uk/en/persons/mehmet-karakus']
Wimpenny K,17 Sept 2021,Practising cultural sensitivity in virtual spaces: Virtual International Cultural Diversity Festival,https://pureportal.coventry.ac.uk/en/publications/practising-cultural-sensitivity-in-virtual-spaces-virtual-interna,['https://pureportal.coventry.ac.uk/en/persons/katherine-wimpenny']
Karakus M,1 Apr 2021,"Self-efficacy, affective well-being, and intent-to-leave by science and mathematics teachers: A structural equation model",https://pureportal.coventry.ac.uk/en/publications/self-efficacy-affective-well-being-and-intent-to-leave-by-science,['https://pureportal.coventry.ac.uk/en/persons/mehmet-karakus']
,28 Jan 2021,Special issue editorial:  Advances in understanding the role of morphemes in literacy development,https://pureportal.coventry.ac.uk/en/publications/special-issue-editorial-advances-in-understanding-the-role-of-mor,[]
Karakus M,Dec 2021,"Spirituality and Well-Being of Children, Adolescent, and Adult Students: A Scientific Mapping of the Literature",https://pureportal.coventry.ac.uk/en/publications/spirituality-and-well-being-of-children-adolescent-and-adult-stud,['https://pureportal.coventry.ac.uk/en/persons/mehmet-karakus']
Nesi H Alsop S,Sept 2021,Stories and scenarios: lecturers’ use of fantastic hypothetical events,https://pureportal.coventry.ac.uk/en/publications/stories-and-scenarios-lecturers-use-of-fantastic-hypothetical-eve,"['https://pureportal.coventry.ac.uk/en/persons/hilary-nesi', 'https://pureportal.coventry.ac.uk/en/persons/sian-alsop']"
Wimpenny K DeWinter A Harrison P,17 Mar 2021,Students’ perceptions and experiences of teaching and learning in transnational higher education in China: implications of the intercultural dialogue framework,https://pureportal.coventry.ac.uk/en/publications/students-perceptions-and-experiences-of-teaching-and-learning-in-,"['https://pureportal.coventry.ac.uk/en/persons/katherine-wimpenny', 'https://pureportal.coventry.ac.uk/en/persons/alun-dewinter', 'https://pureportal.coventry.ac.uk/en/persons/peter-harrison']"
Hodds M,1 Dec 2021,The early impact of the Covid-19 pandemic on mathematical competencies on entry into a UK university,https://pureportal.coventry.ac.uk/en/publications/the-early-impact-of-the-covid-19-pandemic-on-mathematical-compete,['https://pureportal.coventry.ac.uk/en/persons/mark-hodds']
Karakus M,12 Apr 2021,The Factors Predicting the Achievement of the Immigrant Students: A Multilevel Analysis of PISA 2018,https://pureportal.coventry.ac.uk/en/publications/the-factors-predicting-the-achievement-of-the-immigrant-students-,['https://pureportal.coventry.ac.uk/en/persons/mehmet-karakus']
Morini L,Dec 2021,The Promise of Higher Education,https://pureportal.coventry.ac.uk/en/publications/the-promise-of-higher-education,['https://pureportal.coventry.ac.uk/en/persons/luca-morini']
Enderby J Carroll J,Jul 2021,"The roles of morphology, phonology and prosody in reading and spelling multisyllabic words",https://pureportal.coventry.ac.uk/en/publications/the-roles-of-morphology-phonology-and-prosody-in-reading-and-spel,"['https://pureportal.coventry.ac.uk/en/persons/jodie-enderby', 'https://pureportal.coventry.ac.uk/en/persons/julia-carroll']"
Arnab S Masters A Morini L,24 Sept 2021,"Towards the mapping of learning, playful, and frugal aspects for developing 21st century competencies and resilience",https://pureportal.coventry.ac.uk/en/publications/towards-the-mapping-of-learning-playful-and-frugal-aspects-for-de,"['https://pureportal.coventry.ac.uk/en/persons/sylvester-arnab', 'https://pureportal.coventry.ac.uk/en/persons/alex-masters', 'https://pureportal.coventry.ac.uk/en/persons/luca-morini']"
Crawford M,11 Oct 2021,Unlocking creative leadership in the primary school,https://pureportal.coventry.ac.uk/en/publications/unlocking-creative-leadership-in-the-primary-school,['https://pureportal.coventry.ac.uk/en/persons/megan-crawford']
Alsop S,2021,Uses of corpus linguistics in education research: An adjustable lens,https://pureportal.coventry.ac.uk/en/publications/uses-of-corpus-linguistics-in-education-research-an-adjustable-le,['https://pureportal.coventry.ac.uk/en/persons/sian-alsop']
Angelov D,1 May 2021,Using narrative conventions to analyse travel stories,https://pureportal.coventry.ac.uk/en/publications/using-narrative-conventions-to-analyse-travel-stories,['https://pureportal.coventry.ac.uk/en/persons/dimitar-angelov']
Jacobo J,21 Jul 2021,Where Her Breast Wasn't There: Transfemininity and the Philippine Modern,https://pureportal.coventry.ac.uk/en/publications/where-her-breast-wasnt-there-transfemininity-and-the-philippine-m,['https://pureportal.coventry.ac.uk/en/persons/jaya-jacobo']
Clouder L,27 May 2021,Who am I today? Academic staff being and becoming doctoral students,https://pureportal.coventry.ac.uk/en/publications/who-am-i-today-academic-staff-being-and-becoming-doctoral-student,['https://pureportal.coventry.ac.uk/en/persons/deanne-clouder']
Gilbert H Hodds M Lawson D,1 Dec 2021,“Everyone seems to be agreeing at the minute that face-to-face is the way forward”: Practitioners’ perspectives on post-pandemic Mathematics and Statistics Support,https://pureportal.coventry.ac.uk/en/publications/everyone-seems-to-be-agreeing-at-the-minute-that-face-to-face-is-,"['https://pureportal.coventry.ac.uk/en/persons/holly-jade-gilbert', 'https://pureportal.coventry.ac.uk/en/persons/mark-hodds', 'https://pureportal.coventry.ac.uk/en/persons/duncan-lawson']"
Wimpenny K,2 Jul 2020,Academic development to support the internationalization of the curriculum (IoC): A qualitative research synthesis,https://pureportal.coventry.ac.uk/en/publications/academic-development-to-support-the-internationalization-of-the-c,['https://pureportal.coventry.ac.uk/en/persons/katherine-wimpenny']
Alsop S Gardner S,6 Feb 2020,A corpus-driven investigation of connections between the language of written feedback information and ethnic attainment disparity in UK higher education,https://pureportal.coventry.ac.uk/en/publications/a-corpus-driven-investigation-of-connections-between-the-language,"['https://pureportal.coventry.ac.uk/en/persons/sian-alsop', 'https://pureportal.coventry.ac.uk/en/persons/sheena-gardner']"
Clouder D,1 Aug 2020,A qualitative research synthesis exploring professional touch in healthcare practice using the threshold concept framework,https://pureportal.coventry.ac.uk/en/publications/a-qualitative-research-synthesis-exploring-professional-touch-in-,['https://pureportal.coventry.ac.uk/en/persons/deanne-clouder']
,4 Sept 2020,Bottle house: utilising appreciative inquiry to develop a user acceptance model,https://pureportal.coventry.ac.uk/en/publications/bottle-house-utilising-appreciative-inquiry-to-develop-a-user-acc,[]
Wimpenny K,20 Feb 2020,Breaking boundaries and building bridges across knowledge-sharing communities: OpenMed,https://pureportal.coventry.ac.uk/en/publications/breaking-boundaries-and-building-bridges-across-knowledge-sharing,['https://pureportal.coventry.ac.uk/en/persons/katherine-wimpenny']
,Dec 2020,"Creative Activism, Creating Pleasure: The Power of Emotion in Participatory Research",https://pureportal.coventry.ac.uk/en/publications/creative-activism-creating-pleasure-the-power-of-emotion-in-parti,[]
,Dec 2020,Creative Community Activism in Global Contexts,https://pureportal.coventry.ac.uk/en/publications/creative-community-activism-in-global-contexts,[]
Wimpenny K,2020,Cultural diversity in the adoption of open education in the Mediterranean basin: collectivist values and power distance in the universities of the Middle East,https://pureportal.coventry.ac.uk/en/publications/cultural-diversity-in-the-adoption-of-open-education-in-the-medit,['https://pureportal.coventry.ac.uk/en/persons/katherine-wimpenny']
Dang Q A,Aug 2020,"Curbing university autonomy and academic freedom in the name of quality assurance, accountability and internationalisation in East Asia",https://pureportal.coventry.ac.uk/en/publications/curbing-university-autonomy-and-academic-freedom-in-the-name-of-q,['https://pureportal.coventry.ac.uk/en/persons/que-anh-dang']
Wimpenny K,3 Dec 2020,Decolonising academic selves through auto-ethnography,https://pureportal.coventry.ac.uk/en/publications/decolonising-academic-selves-through-auto-ethnography,['https://pureportal.coventry.ac.uk/en/persons/katherine-wimpenny']
,Jul 2020,Developing an Autonomous-Support Culture in Higher Education for Disabled Students,https://pureportal.coventry.ac.uk/en/publications/developing-an-autonomous-support-culture-in-higher-education-for-,[]
Chen Y F,1 Apr 2020,Enhancing school safety through university engagement in DRR education,https://pureportal.coventry.ac.uk/en/publications/enhancing-school-safety-through-university-engagement-in-drr-educ,['https://pureportal.coventry.ac.uk/en/persons/yung-fang-chen']
,1 Dec 2020,Fast and Slow: Using Spritz for Academic Study?,https://pureportal.coventry.ac.uk/en/publications/fast-and-slow-using-spritz-for-academic-study,[]
,20 Jul 2020,"Framing the Margins: gender, sexuality and identities of the borderlands",https://pureportal.coventry.ac.uk/en/publications/framing-the-margins-gender-sexuality-and-identities-of-the-border,[]
Clouder L,1 Sept 2020,Friend or Foe: the complexities of being an academic and a doctoral student in the same institution,https://pureportal.coventry.ac.uk/en/publications/friend-or-foe-the-complexities-of-being-an-academic-and-a-doctora,['https://pureportal.coventry.ac.uk/en/persons/deanne-clouder']
Wimpenny K,3 Dec 2020,From COIL to curriculum transformation in South Africa: How can curriculum decolonization operate in the third space in Global South-North collaborations?,https://pureportal.coventry.ac.uk/en/publications/from-coil-to-curriculum-transformation-in-south-africa-how-can-cu,['https://pureportal.coventry.ac.uk/en/persons/katherine-wimpenny']
Wimpenny K Orsini-Jones M,20 Sept 2020,Innovation in Collaborative Online International Learning: A Holistic Blend,https://pureportal.coventry.ac.uk/en/publications/innovation-in-collaborative-online-international-learning-a-holis,"['https://pureportal.coventry.ac.uk/en/persons/katherine-wimpenny', 'https://pureportal.coventry.ac.uk/en/persons/marina-orsini-jones']"
Clouder D,15 Apr 2020,Juggling competing activities: academic staff as doctoral candidates,https://pureportal.coventry.ac.uk/en/publications/juggling-competing-activities-academic-staff-as-doctoral-candidat,['https://pureportal.coventry.ac.uk/en/persons/deanne-clouder']
Tramontano C,Nov 2020,"Mapping Community, Social, and Economic risks to investigate the association with school violence and bullying in Italy",https://pureportal.coventry.ac.uk/en/publications/mapping-community-social-and-economic-risks-to-investigate-the-as,['https://pureportal.coventry.ac.uk/en/persons/carlo-tramontano']
Clouder D Karakus M,1 Oct 2020,Neurodiversity in higher education: a narrative synthesis,https://pureportal.coventry.ac.uk/en/publications/neurodiversity-in-higher-education-a-narrative-synthesis,"['https://pureportal.coventry.ac.uk/en/persons/deanne-clouder', 'https://pureportal.coventry.ac.uk/en/persons/mehmet-karakus']"
Carroll J,14 May 2020,"Protocol for a systematic review of measures of attainment in literacy, mathematics and science.",https://pureportal.coventry.ac.uk/en/publications/protocol-for-a-systematic-review-of-measures-of-attainment-in-lit,['https://pureportal.coventry.ac.uk/en/persons/julia-carroll']
Bluteau P,2 Jan 2020,Students’ engagement and learning experiences using virtual patient simulation in a computer supported collaborative learning environment,https://pureportal.coventry.ac.uk/en/publications/students-engagement-and-learning-experiences-using-virtual-patien,['https://pureportal.coventry.ac.uk/en/persons/patricia-bluteau']
Morini L,Jul 2020,The Anti-Ecological University,https://pureportal.coventry.ac.uk/en/publications/the-anti-ecological-university,['https://pureportal.coventry.ac.uk/en/persons/luca-morini']
Lawson D,16 Nov 2020,The evolution of mathematics support: a literature review,https://pureportal.coventry.ac.uk/en/publications/the-evolution-of-mathematics-support-a-literature-review,['https://pureportal.coventry.ac.uk/en/persons/duncan-lawson']
Lawson D,30 May 2020,The extent and uptake of mathematics support in higher education: results from the 2018 survey,https://pureportal.coventry.ac.uk/en/publications/the-extent-and-uptake-of-mathematics-support-in-higher-education-,['https://pureportal.coventry.ac.uk/en/persons/duncan-lawson']
Tramontano C,1 Feb 2020,The Role of Traditional and Online Moral Disengagement on Cyberbullying: Do Externalising Problems Make Any Difference?,https://pureportal.coventry.ac.uk/en/publications/the-role-of-traditional-and-online-moral-disengagement-on-cyberbu,['https://pureportal.coventry.ac.uk/en/persons/carlo-tramontano']
Jacobo J,1 Dec 2020,Towards a Final Absolution: A South by South Approach to Trans Resistance from Brazil and the Philippines,https://pureportal.coventry.ac.uk/en/publications/towards-a-final-absolution-a-south-by-south-approach-to-trans-res,['https://pureportal.coventry.ac.uk/en/persons/jaya-jacobo']
Morini L,19 Nov 2020,"You Can Deny Seriousness, But You Can’t Deny Play’: Emergent Resistance to Purposive Games.",https://pureportal.coventry.ac.uk/en/publications/you-can-deny-seriousness-but-you-cant-deny-play-emergent-resistan,['https://pureportal.coventry.ac.uk/en/persons/luca-morini']
,Nov 2019,A new framework for the design and evaluation of a learning institution’s student engagement activities,https://pureportal.coventry.ac.uk/en/publications/a-new-framework-for-the-design-and-evaluation-of-a-learning-insti,[]
Arnab S Morini L Clarke S,1 Sept 2019,A participatory co-creation model to drive community engagement in rural indigenous schools: A case study in Sarawak,https://pureportal.coventry.ac.uk/en/publications/a-participatory-co-creation-model-to-drive-community-engagement-i,"['https://pureportal.coventry.ac.uk/en/persons/sylvester-arnab', 'https://pureportal.coventry.ac.uk/en/persons/luca-morini', 'https://pureportal.coventry.ac.uk/en/persons/samantha-clarke']"
Arnab S Morini L,1 Sept 2019,Assessment of co-creativity in the process of game design,https://pureportal.coventry.ac.uk/en/publications/assessment-of-co-creativity-in-the-process-of-game-design,"['https://pureportal.coventry.ac.uk/en/persons/sylvester-arnab', 'https://pureportal.coventry.ac.uk/en/persons/luca-morini']"
Solomons Z,25 Mar 2019,A Synthesis of the South African Educational Landscape and a Critical Analysis of Student Attainment.,https://pureportal.coventry.ac.uk/en/publications/a-synthesis-of-the-south-african-educational-landscape-and-a-crit,['https://pureportal.coventry.ac.uk/en/persons/zaira-solomons']
Karakus M,9 May 2019,Augmented Reality Research in Education: A Bibliometric Study,https://pureportal.coventry.ac.uk/en/publications/augmented-reality-research-in-education-a-bibliometric-study,['https://pureportal.coventry.ac.uk/en/persons/mehmet-karakus']
Holliday N Carroll J,2 May 2019,Can the Benefits of Creative Methods Support the Inclusion of Children as part of Intergenerational Research Projects?,https://pureportal.coventry.ac.uk/en/publications/can-the-benefits-of-creative-methods-support-the-inclusion-of-chi,"['https://pureportal.coventry.ac.uk/en/persons/nikki-holliday', 'https://pureportal.coventry.ac.uk/en/persons/julia-carroll']"
Wimpenny K DeWinter A,18 Jun 2019,Capacity Building for Virtual Innovative Teaching and Learning in Jordan – Experiences of the JOVITAL project,https://pureportal.coventry.ac.uk/en/publications/capacity-building-for-virtual-innovative-teaching-and-learning-in,"['https://pureportal.coventry.ac.uk/en/persons/katherine-wimpenny', 'https://pureportal.coventry.ac.uk/en/persons/alun-dewinter']"
Wimpenny K,1 May 2019,Carnival of invention,https://pureportal.coventry.ac.uk/en/publications/carnival-of-invention,['https://pureportal.coventry.ac.uk/en/persons/katherine-wimpenny']
,10 Jul 2019,Changing classroom dynamics: Examples of game-based learning in Public Health,https://pureportal.coventry.ac.uk/en/publications/changing-classroom-dynamics-examples-of-game-based-learning-in-pu,[]
Crawford M,18 Feb 2019,"Connecting Leadership, Professional Development and Affect",https://pureportal.coventry.ac.uk/en/publications/connecting-leadership-professional-development-and-affect,['https://pureportal.coventry.ac.uk/en/persons/megan-crawford']
Carroll J,20 Dec 2019,Developmental Language Disorder: Cognition in Childhood,https://pureportal.coventry.ac.uk/en/publications/developmental-language-disorder-cognition-in-childhood,['https://pureportal.coventry.ac.uk/en/persons/julia-carroll']
Grant C Tramontano C,1 Jun 2019,Filling the Puzzle: Using E-Work Wellbeing scale (EWW) to determine links between remote e-working and cognitive weariness and psychosomatic conditions,https://pureportal.coventry.ac.uk/en/publications/filling-the-puzzle-using-e-work-wellbeing-scale-eww-to-determine-,"['https://pureportal.coventry.ac.uk/en/persons/christine-grant', 'https://pureportal.coventry.ac.uk/en/persons/carlo-tramontano']"
Morini L Arnab S,1 Jun 2019,Game-based learning to teach higher order thinking in rural schools: Case studies in Sarawak Borneo,https://pureportal.coventry.ac.uk/en/publications/game-based-learning-to-teach-higher-order-thinking-in-rural-schoo,"['https://pureportal.coventry.ac.uk/en/persons/luca-morini', 'https://pureportal.coventry.ac.uk/en/persons/sylvester-arnab']"
Wimpenny K,13 May 2019,Global knowledge-exchange for widening participation in learning through Open Education Practices,https://pureportal.coventry.ac.uk/en/publications/global-knowledge-exchange-for-widening-participation-in-learning-,['https://pureportal.coventry.ac.uk/en/persons/katherine-wimpenny']
Crawford M,1 Mar 2019,Headteacher performance management in England: Balancing internal and external accountability through performance leadership,https://pureportal.coventry.ac.uk/en/publications/headteacher-performance-management-in-england-balancing-internal-,['https://pureportal.coventry.ac.uk/en/persons/megan-crawford']
Gakhal S,3 Apr 2019,"Is students' qualitative feedback changing, now it is online?",https://pureportal.coventry.ac.uk/en/publications/is-students-qualitative-feedback-changing-now-it-is-online,['https://pureportal.coventry.ac.uk/en/persons/sandeep-gakhal']
,13 Sept 2019,Narrowing the participation gap using an inclusive advice and guidance system,https://pureportal.coventry.ac.uk/en/publications/narrowing-the-participation-gap-using-an-inclusive-advice-and-gui,[]
Cappy G,25 Mar 2019,Promoting Active Learning in Universities: Thematic Peer Group Report,https://pureportal.coventry.ac.uk/en/publications/promoting-active-learning-in-universities-thematic-peer-group-rep,['https://pureportal.coventry.ac.uk/en/persons/grace-cappy']
Johnson E,23 May 2019,Representation of Faith Using Social Media,https://pureportal.coventry.ac.uk/en/publications/representation-of-faith-using-social-media,['https://pureportal.coventry.ac.uk/en/persons/emmanuel-johnson']
Morini L,31 Oct 2019,Research as a Game of Empire,https://pureportal.coventry.ac.uk/en/publications/research-as-a-game-of-empire,['https://pureportal.coventry.ac.uk/en/persons/luca-morini']
Wimpenny K,24 Oct 2019,Socially committed practice: issues of authenticity in arts related research,https://pureportal.coventry.ac.uk/en/publications/socially-committed-practice-issues-of-authenticity-in-arts-relate,['https://pureportal.coventry.ac.uk/en/persons/katherine-wimpenny']
Aslam F Bagiya Y,29 May 2019,STEM outreach activities: an approach to teachers' professional development,https://pureportal.coventry.ac.uk/en/publications/stem-outreach-activities-an-approach-to-teachers-professional-dev-3,"['https://pureportal.coventry.ac.uk/en/persons/farzana-aslam', 'https://pureportal.coventry.ac.uk/en/persons/yamuna-dass']"
,2019,Supporting students with disability during clinical placements: Students experiences and challenges,https://pureportal.coventry.ac.uk/en/publications/supporting-students-with-disability-during-clinical-placements-st,[]
Wimpenny K,10 Sept 2019,"The attrition factor: Student engagement and teacher commitment in online, intercultural Higher Education settings",https://pureportal.coventry.ac.uk/en/publications/the-attrition-factor-student-engagement-and-teacher-commitment-in,['https://pureportal.coventry.ac.uk/en/persons/katherine-wimpenny']
Jacobo J,Jul 2019,"The Bakla, The Agi: Our Genders Which Are Not One",https://pureportal.coventry.ac.uk/en/publications/the-bakla-the-agi-our-genders-which-are-not-one,['https://pureportal.coventry.ac.uk/en/persons/jaya-jacobo']
Wimpenny K Dewinter A,5 Dec 2019,The JOVITAL Project: Capacity Building for Virtual Innovative Teaching and Learning in Jordan,https://pureportal.coventry.ac.uk/en/publications/the-jovital-project-capacity-building-for-virtual-innovative-teac,"['https://pureportal.coventry.ac.uk/en/persons/katherine-wimpenny', 'https://pureportal.coventry.ac.uk/en/persons/alun-dewinter']"
Gakhal S,13 Sept 2019,The problem is here and now – assessing current student attainment gaps to inform change to institutional student experience provision,https://pureportal.coventry.ac.uk/en/publications/the-problem-is-here-and-now-assessing-current-student-attainment-,['https://pureportal.coventry.ac.uk/en/persons/sandeep-gakhal']
Clouder D Cawston J Wimpenny K,Aug 2019,The role of assistive technology in renegotiating the inclusion of students with disabilities in Higher Education in North Africa,https://pureportal.coventry.ac.uk/en/publications/the-role-of-assistive-technology-in-renegotiating-the-inclusion-o,"['https://pureportal.coventry.ac.uk/en/persons/deanne-clouder', 'https://pureportal.coventry.ac.uk/en/persons/jacqueline-cawston-2', 'https://pureportal.coventry.ac.uk/en/persons/katherine-wimpenny']"
Johnson E,1 Aug 2019,To Grow a Tree,https://pureportal.coventry.ac.uk/en/publications/to-grow-a-tree,['https://pureportal.coventry.ac.uk/en/persons/emmanuel-johnson']
Alsop S Gardner S,26 Jan 2019,Understanding attainment disparity: A corpus-driven analysis of the language used in written feedback information to students of different backgrounds.,https://pureportal.coventry.ac.uk/en/publications/understanding-attainment-disparity-a-corpus-driven-analysis-of-th,"['https://pureportal.coventry.ac.uk/en/persons/sian-alsop', 'https://pureportal.coventry.ac.uk/en/persons/sheena-gardner']"
Alsop S Gardner S,2019,Understanding Attainment Disparity: The Case for a Corpus-Driven Analysis of the Language used in Written Feedback Information to Students of Different Backgrounds ,https://pureportal.coventry.ac.uk/en/publications/understanding-attainment-disparity-the-case-for-a-corpus-driven-a,"['https://pureportal.coventry.ac.uk/en/persons/sian-alsop', 'https://pureportal.coventry.ac.uk/en/persons/sheena-gardner']"
Morini L,26 Mar 2019,Universities: increasingly stressful environments taking psychological toll – here’s what needs to change,https://pureportal.coventry.ac.uk/en/publications/universities-increasingly-stressful-environments-taking-psycholog,['https://pureportal.coventry.ac.uk/en/persons/luca-morini']
Alsop S Gardner S,23 Jul 2019,What can corpus analysis tell us about attainment disparity? A pilot analysis of written feedback information to students from two faculties.,https://pureportal.coventry.ac.uk/en/publications/what-can-corpus-analysis-tell-us-about-attainment-disparity-a-pil,"['https://pureportal.coventry.ac.uk/en/persons/sian-alsop', 'https://pureportal.coventry.ac.uk/en/persons/sheena-gardner']"
Holmes S,2019,“We now know how to learn” - Introducing student-centred teaching and learning in Jordan,https://pureportal.coventry.ac.uk/en/publications/we-now-know-how-to-learn-introducing-student-centred-teaching-and,['https://pureportal.coventry.ac.uk/en/persons/sylwia-holmes']
Gakhal S,7 Dec 2018,Achieving Excellence By Helping More Students To Get On – Trialling New Tools To Demonstrate What Works,https://pureportal.coventry.ac.uk/en/publications/achieving-excellence-by-helping-more-students-to-get-on-trialling,['https://pureportal.coventry.ac.uk/en/persons/sandeep-gakhal']
Johnson E Evans A,2018,Ady's interlude: On Lad Culture,https://pureportal.coventry.ac.uk/en/publications/adys-interlude-on-lad-culture,"['https://pureportal.coventry.ac.uk/en/persons/emmanuel-johnson', 'https://pureportal.coventry.ac.uk/en/persons/ady-evans']"
Brown G Fried J,Dec 2018,"An evaluation of Unlocking Nature, Greening the prison environment: Unlocking Nature ",https://pureportal.coventry.ac.uk/en/publications/an-evaluation-of-unlocking-nature-greening-the-prison-environment,"['https://pureportal.coventry.ac.uk/en/persons/geraldine-brown', 'https://pureportal.coventry.ac.uk/en/persons/jana-fried']"
Wimpenny K,28 Feb 2018,A new approach to digital competence building for university educators in Europe,https://pureportal.coventry.ac.uk/en/publications/a-new-approach-to-digital-competence-building-for-university-educ,['https://pureportal.coventry.ac.uk/en/persons/katherine-wimpenny']
Wimpenny K,2018,A New Approach to Digital Competence Building for University Educators in Europe,https://pureportal.coventry.ac.uk/en/publications/a-new-approach-to-digital-competence-building-for-university-educ-2,['https://pureportal.coventry.ac.uk/en/persons/katherine-wimpenny']
Holmes S,2018,"An investigation into how to assess the quality of education through curriculum intent, implementation and impact",https://pureportal.coventry.ac.uk/en/publications/an-investigation-into-how-to-assess-the-quality-of-education-thro,['https://pureportal.coventry.ac.uk/en/persons/sylwia-holmes']
,13 Sept 2018,"Beginning with hope: widening undergraduate participation, belonging and relationship building",https://pureportal.coventry.ac.uk/en/publications/beginning-with-hope-widening-undergraduate-participation-belongin,[]
,1 Sept 2018,Bottle house: A case study of transdisciplinary research for tackling global challenges,https://pureportal.coventry.ac.uk/en/publications/bottle-house-a-case-study-of-transdisciplinary-research-for-tackl,[]
Arnab S Morini L Clarke S,1 Jan 2018,Case study: Game design thinking as a strategy for community engagement in a rural indigenous village,https://pureportal.coventry.ac.uk/en/publications/case-study-game-design-thinking-as-a-strategy-for-community-engag,"['https://pureportal.coventry.ac.uk/en/persons/sylvester-arnab', 'https://pureportal.coventry.ac.uk/en/persons/luca-morini', 'https://pureportal.coventry.ac.uk/en/persons/samantha-clarke']"
Arnab S Morini L,1 Jan 2018,Co-creativity assessment in the process of game creation,https://pureportal.coventry.ac.uk/en/publications/co-creativity-assessment-in-the-process-of-game-creation,"['https://pureportal.coventry.ac.uk/en/persons/sylvester-arnab', 'https://pureportal.coventry.ac.uk/en/persons/luca-morini']"
Wimpenny K,9 Feb 2018,"Collaborative Poetics Network: A Pilot Study Exploring the Potential of Collaborative, Arts-based Research",https://pureportal.coventry.ac.uk/en/publications/collaborative-poetics-network-a-pilot-study-exploring-the-potenti,['https://pureportal.coventry.ac.uk/en/persons/katherine-wimpenny']
,2018,Disrupting the Journal of Media Practice,https://pureportal.coventry.ac.uk/en/publications/disrupting-the-journal-of-media-practice,[]
,2 Jul 2018,Educating the Masses: Understanding the needs and expectations of students in large or online learning environments to inform effective teaching practices,https://pureportal.coventry.ac.uk/en/publications/educating-the-masses-understanding-the-needs-and-expectations-of-,[]
Morini L Arnab S,2018,"Engaging primary schools in rural Malaysia with Game-Based Learning: Culture, Pedagogy, Technology",https://pureportal.coventry.ac.uk/en/publications/engaging-primary-schools-in-rural-malaysia-with-game-based-learni,"['https://pureportal.coventry.ac.uk/en/persons/luca-morini', 'https://pureportal.coventry.ac.uk/en/persons/sylvester-arnab']"
Wimpenny K,23 Feb 2018,Exploring multicultural e-learning through a blended course across the Mediterranean,https://pureportal.coventry.ac.uk/en/publications/exploring-multicultural-e-learning-through-a-blended-course-acros,['https://pureportal.coventry.ac.uk/en/persons/katherine-wimpenny']
Wimpenny K,10 Jan 2018,Facilitators' Perspectives as Mediators of the Local Learning Circles of the OpenMed Open Course,https://pureportal.coventry.ac.uk/en/publications/facilitators-perspectives-as-mediators-of-the-local-learning-circ,['https://pureportal.coventry.ac.uk/en/persons/katherine-wimpenny']
,Feb 2018,Global Perspectives on teaching excellence: A new era for higher education,https://pureportal.coventry.ac.uk/en/publications/global-perspectives-on-teaching-excellence-a-new-era-for-higher-e,[]
Johnson E Alkali M,2018,Hong Kong New Wave Reflection,https://pureportal.coventry.ac.uk/en/publications/hong-kong-new-wave-reflection,"['https://pureportal.coventry.ac.uk/en/persons/emmanuel-johnson', 'https://pureportal.coventry.ac.uk/en/persons/mabel-alkali']"
Johnson E,2018,Identity (Hong Kong New Wave Short Film),https://pureportal.coventry.ac.uk/en/publications/identity-hong-kong-new-wave-short-film,['https://pureportal.coventry.ac.uk/en/persons/emmanuel-johnson']
Johnson E,2018,Identity (Hong Kong New Wave Short Film): Director's Commentary,https://pureportal.coventry.ac.uk/en/publications/identity-hong-kong-new-wave-short-film-directors-commentary,['https://pureportal.coventry.ac.uk/en/persons/emmanuel-johnson']
,2 Apr 2018,Inclusive Strategies For Supporting Students With Disabilities During Practice Training,https://pureportal.coventry.ac.uk/en/publications/inclusive-strategies-for-supporting-students-with-disabilities-du,[]
Wimpenny K DeWinter A,13 Dec 2018,"Jordan Opportunity for Virtual Innovative Teaching and Learning: A Needs Analysis Report Contextualising the State of the Art in International Online Teaching and Learning, with Particular Attention to the Jordanian Case",https://pureportal.coventry.ac.uk/en/publications/jordan-opportunity-for-virtual-innovative-teaching-and-learning-a,"['https://pureportal.coventry.ac.uk/en/persons/katherine-wimpenny', 'https://pureportal.coventry.ac.uk/en/persons/alun-dewinter']"
Wimpenny K,22 Feb 2018,Lessons learnt from the collaborative creation and piloting of a course in Open Education for the South Mediterranean region,https://pureportal.coventry.ac.uk/en/publications/lessons-learnt-from-the-collaborative-creation-and-piloting-of-a-,['https://pureportal.coventry.ac.uk/en/persons/katherine-wimpenny']
Crawford M,1 Apr 2018,Methodological issues in researching maladministration,https://pureportal.coventry.ac.uk/en/publications/methodological-issues-in-researching-maladministration,['https://pureportal.coventry.ac.uk/en/persons/megan-crawford']
Holmes S,2018,Monitoring and evaluation of the TEPD – 2018 annual report,https://pureportal.coventry.ac.uk/en/publications/monitoring-and-evaluation-of-the-tepd-2018-annual-report,['https://pureportal.coventry.ac.uk/en/persons/sylwia-holmes']
Holmes S,2018,"Obesity, healthy eating and physical activity in primary schools",https://pureportal.coventry.ac.uk/en/publications/obesity-healthy-eating-and-physical-activity-in-primary-schools,['https://pureportal.coventry.ac.uk/en/persons/sylwia-holmes']
Wimpenny K Merry S K,30 Sept 2018,OpenMed – Educación abierta en el sur del Mediterráneo: OpenMed - Open Education in the South-Mediterranean,https://pureportal.coventry.ac.uk/en/publications/openmed-educaci%C3%B3n-abierta-en-el-sur-del-mediterr%C3%A1neo-openmed-open,"['https://pureportal.coventry.ac.uk/en/persons/katherine-wimpenny', 'https://pureportal.coventry.ac.uk/en/persons/sarah-kate-merry']"
Aslam F Bagiya Y,10 Jan 2018,STEM outreach activities: an approach to teachers’ professional development: STEM outreach activities,https://pureportal.coventry.ac.uk/en/publications/stem-outreach-activities-an-approach-to-teachers-professional-dev,"['https://pureportal.coventry.ac.uk/en/persons/farzana-aslam', 'https://pureportal.coventry.ac.uk/en/persons/yamuna-dass']"
Alsop S,5 Jul 2018,Summary matters: How lecturers review and preview information in engineering lectures,https://pureportal.coventry.ac.uk/en/publications/summary-matters-how-lecturers-review-and-preview-information-in-e,['https://pureportal.coventry.ac.uk/en/persons/sian-alsop']
,27 Jun 2018,Supporting disabled students on a clinical placement: the development of a bespoke webApp for healthcare students,https://pureportal.coventry.ac.uk/en/publications/supporting-disabled-students-on-a-clinical-placement-the-developm,[]
,May 2018,Targets Ensure Intentions Become Actions: Coventry University's Aspirations to Inclusiveness,https://pureportal.coventry.ac.uk/en/publications/targets-ensure-intentions-become-actions-coventry-universitys-asp,[]
Jacobo J,1 Oct 2018,"Terminologies of ""Modern"" and ""Contemporary"" Art in Southeast Asia's Vernacular Languages: Indonesian, Javanese, Khmer, Lao, Malay, Myanmar/Burmese, Tagalog/Filipino, Thai and Vietnamese",https://pureportal.coventry.ac.uk/en/publications/terminologies-of-modern-and-contemporary-art-in-southeast-asias-v,['https://pureportal.coventry.ac.uk/en/persons/jaya-jacobo']
DeWinter A,2018,The Benefits and Challenges of Embedding Intercultural Competencies into the Postgraduate Research Provision,https://pureportal.coventry.ac.uk/en/publications/the-benefits-and-challenges-of-embedding-intercultural-competenci,['https://pureportal.coventry.ac.uk/en/persons/alun-dewinter']
Gakhal S,20 Feb 2018,What is Teaching Excellence?,https://pureportal.coventry.ac.uk/en/publications/what-is-teaching-excellence,['https://pureportal.coventry.ac.uk/en/persons/sandeep-gakhal']
,Feb 2018,What outcomes are we trying to achieve from excellent teaching and why are they so difficult to measure?,https://pureportal.coventry.ac.uk/en/publications/what-outcomes-are-we-trying-to-achieve-from-excellent-teaching-an,[]
,30 Apr 2018,What works? A framework to enable replication of successful student engagement intervention activities,https://pureportal.coventry.ac.uk/en/publications/what-works-a-framework-to-enable-replication-of-successful-studen,[]
Clouder D Bluteau P,14 Jun 2017,An investigation to understand and evaluate the best ways to educate for and promote integrated working across the health and care sectors.,https://pureportal.coventry.ac.uk/en/publications/an-investigation-to-understand-and-evaluate-the-best-ways-to-educ,"['https://pureportal.coventry.ac.uk/en/persons/deanne-clouder', 'https://pureportal.coventry.ac.uk/en/persons/patricia-bluteau']"
,2017,Caring for HOLLIE: Student experiences of caring for a virtual patient within interprofessional collaborative skills training.,https://pureportal.coventry.ac.uk/en/publications/caring-for-hollie-student-experiences-of-caring-for-a-virtual-pat,[]
Clouder D,21 Sept 2017,"Empowerment of physiotherapy students on placement: The interplay between autonomy, risk, and responsibility: The interplay between autonomy, risk, and responsibility",https://pureportal.coventry.ac.uk/en/publications/empowerment-of-physiotherapy-students-on-placement-the-interplay-,['https://pureportal.coventry.ac.uk/en/persons/deanne-clouder']
Gakhal S,15 Nov 2017,Evaluating student satisfaction at a top-performing UK university,https://pureportal.coventry.ac.uk/en/publications/evaluating-student-satisfaction-at-a-top-performing-uk-university,['https://pureportal.coventry.ac.uk/en/persons/sandeep-gakhal']
Grant C Tramontano C,Jan 2017,Exploring the relationship between remote e-working and work-related well-being.,https://pureportal.coventry.ac.uk/en/publications/exploring-the-relationship-between-remote-e-working-and-work-rela,"['https://pureportal.coventry.ac.uk/en/persons/christine-grant', 'https://pureportal.coventry.ac.uk/en/persons/carlo-tramontano']"
Holmes S,2017,How to evaluate quality of teacher training? - Literature review and impact indicators framework for the pre-service teacher training programme in Jordan,https://pureportal.coventry.ac.uk/en/publications/how-to-evaluate-quality-of-teacher-training-literature-review-and,['https://pureportal.coventry.ac.uk/en/persons/sylwia-holmes']
,2017,Identifying and Examining Outstanding Teaching at a UK Higher Education Institution and the Lessons it Provides for First Year Lecturers and their Students,https://pureportal.coventry.ac.uk/en/publications/identifying-and-examining-outstanding-teaching-at-a-uk-higher-edu,[]
,Nov 2017,"Institutional, social and individual behavioural effects of energy feedback in public buildings across eleven European cities",https://pureportal.coventry.ac.uk/en/publications/institutional-social-and-individual-behavioural-effects-of-energy,[]
Holmes S,2017,Monitoring and evaluation of the pre-service teacher education programme – report,https://pureportal.coventry.ac.uk/en/publications/monitoring-and-evaluation-of-the-pre-service-teacher-education-pr,['https://pureportal.coventry.ac.uk/en/persons/sylwia-holmes']
Wimpenny K Roe S,6 Sept 2017,Preparation for an uncertain world: international curriculum development for mental health occupational therapy,https://pureportal.coventry.ac.uk/en/publications/preparation-for-an-uncertain-world-international-curriculum-devel-6,"['https://pureportal.coventry.ac.uk/en/persons/katherine-wimpenny', 'https://pureportal.coventry.ac.uk/en/persons/sarah-roe']"
,2017,The Disrupted Journal of Media Practice,https://pureportal.coventry.ac.uk/en/publications/the-disrupted-journal-of-media-practice,[]
Holmes S,2017,The impact of participation in music on learning mathematics,https://pureportal.coventry.ac.uk/en/publications/the-impact-of-participation-in-music-on-learning-mathematics,['https://pureportal.coventry.ac.uk/en/persons/sylwia-holmes']
Holmes S,30 Nov 2017,The impact of participation in music on learning mathematics.,https://pureportal.coventry.ac.uk/en/publications/the-impact-of-participation-in-music-on-learning-mathematics-2,['https://pureportal.coventry.ac.uk/en/persons/sylwia-holmes']
,8 Mar 2017,The missing measure? Academic identity and the induction process,https://pureportal.coventry.ac.uk/en/publications/the-missing-measure-academic-identity-and-the-induction-process,[]
Clouder D,2 Jun 2017,"What Students Should Know, But Don't Know, They Don't Know, About Proving Their Trustworthiness To Clinical Educators",https://pureportal.coventry.ac.uk/en/publications/what-students-should-know-but-dont-know-they-dont-know-about-prov,['https://pureportal.coventry.ac.uk/en/persons/deanne-clouder']
Morini L,2016,A Less Lonely Place of Researching,https://pureportal.coventry.ac.uk/en/publications/a-less-lonely-place-of-researching,['https://pureportal.coventry.ac.uk/en/persons/luca-morini']
Johnson E,2016,Alienation and Affect in Milan,https://pureportal.coventry.ac.uk/en/publications/alienation-and-affect-in-milan,['https://pureportal.coventry.ac.uk/en/persons/emmanuel-johnson']
,2016,Feminist Journeys: Travelling Through 25 Years of Feminism with the Journal of Gender Studies,https://pureportal.coventry.ac.uk/en/publications/feminist-journeys-travelling-through-25-years-of-feminism-with-th,[]
Evans A,2016,Linking attainment to interculturalism and global citizenship,https://pureportal.coventry.ac.uk/en/publications/linking-attainment-to-interculturalism-and-global-citizenship,['https://pureportal.coventry.ac.uk/en/persons/alun-dewinter']
,5 Feb 2016,Mentoring for attainment: Mentoring for attainment,https://pureportal.coventry.ac.uk/en/publications/mentoring-for-attainment-mentoring-for-attainment,[]
Morini L,4 May 2016,Play as Bulwark of Uselessness,https://pureportal.coventry.ac.uk/en/publications/play-as-bulwark-of-uselessness,['https://pureportal.coventry.ac.uk/en/persons/luca-morini']
Lycett D Clouder D,2016,Protocol for Developing Spiritual Competencies in Dietetic Practice,https://pureportal.coventry.ac.uk/en/publications/protocol-for-developing-spiritual-competencies-in-dietetic-practi,"['https://pureportal.coventry.ac.uk/en/persons/deborah-lycett', 'https://pureportal.coventry.ac.uk/en/persons/deanne-clouder']"
,8 Dec 2016,Setting students and academics free to engage: what do we need to do? Exploring Freedom and Control in global higher education,https://pureportal.coventry.ac.uk/en/publications/setting-students-and-academics-free-to-engage-what-do-we-need-to--3,[]
Morini L,2016,The many times I saved the world (or died trying),https://pureportal.coventry.ac.uk/en/publications/the-many-times-i-saved-the-world-or-died-trying,['https://pureportal.coventry.ac.uk/en/persons/luca-morini']
,2016,The State of Girls Rights in the UK,https://pureportal.coventry.ac.uk/en/publications/the-state-of-girls-rights-in-the-uk,[]
Holmes S,Sept 2016,“I’ve always not been a racist”: do we need to reconsider teaching and learning about the Holocaust?,https://pureportal.coventry.ac.uk/en/publications/ive-always-not-been-a-racist-do-we-need-to-reconsider-teaching-an,['https://pureportal.coventry.ac.uk/en/persons/sylwia-holmes']
,Jan 2015,Using Twitter as a Project Management Learning Intervention,https://pureportal.coventry.ac.uk/en/publications/using-twitter-as-a-project-management-learning-intervention,[]
,2015,Young people's perceptions of mental and physical health in the context of general wellbeing.,https://pureportal.coventry.ac.uk/en/publications/young-peoples-perceptions-of-mental-and-physical-health-in-the-co,[]
,2 Oct 2014,A framework for ex ante evaluation of energy savings campaigns,https://pureportal.coventry.ac.uk/en/publications/a-framework-for-ex-ante-evaluation-of-energy-savings-campaigns,[]
Crawford M,2014,Developing as an Educational Leader and Manager,https://pureportal.coventry.ac.uk/en/publications/developing-as-an-educational-leader-and-manager,['https://pureportal.coventry.ac.uk/en/persons/megan-crawford']
Holmes S,2014,Evaluation of the SkillForce 'Back on Track' programme,https://pureportal.coventry.ac.uk/en/publications/evaluation-of-the-skillforce-back-on-track-programme,['https://pureportal.coventry.ac.uk/en/persons/sylwia-holmes']
Holmes S,2014,Evaluation of the SkillForce 'Ethos' programme,https://pureportal.coventry.ac.uk/en/publications/evaluation-of-the-skillforce-ethos-programme,['https://pureportal.coventry.ac.uk/en/persons/sylwia-holmes']
,2014,Gendering Women: Identity and Mental Wellbeing Through the Lifecourse,https://pureportal.coventry.ac.uk/en/publications/gendering-women-identity-and-mental-wellbeing-through-the-lifecou,[]
Bluteau P Clouder D,2014,Review of interprofessional education in the UK 1997–2003: Implanting Interprofessional Education in Qualifying Courses:  Eight Reflective Accounts – Coventry University & Warwick Medical School ,https://pureportal.coventry.ac.uk/en/publications/review-of-interprofessional-education-in-the-uk-19972003-implanti,"['https://pureportal.coventry.ac.uk/en/persons/patricia-bluteau', 'https://pureportal.coventry.ac.uk/en/persons/deanne-clouder']"
Crawford M,13 May 2014,The restructuring of schooling in England: The responses of well-positioned headteachers,https://pureportal.coventry.ac.uk/en/publications/the-restructuring-of-schooling-in-england-the-responses-of-well-p,['https://pureportal.coventry.ac.uk/en/persons/megan-crawford']
Clouder D,13 Dec 2013,Enhancing Guidance for Disabled People Wanting to Become Health and Social Care Professionals Report,https://pureportal.coventry.ac.uk/en/publications/enhancing-guidance-for-disabled-people-wanting-to-become-health-a-3,['https://pureportal.coventry.ac.uk/en/persons/deanne-clouder']
Crawford M,1 Jan 2013,Enhancing school leadership: Evaluating the use of virtual learning communities,https://pureportal.coventry.ac.uk/en/publications/enhancing-school-leadership-evaluating-the-use-of-virtual-learnin,['https://pureportal.coventry.ac.uk/en/persons/megan-crawford']
Morini L,2013,"Il Dito ed il Link: Pensiero ed Esperienza Quotidiana dei ""Nativi Digitali""",https://pureportal.coventry.ac.uk/en/publications/il-dito-ed-il-link-pensiero-ed-esperienza-quotidiana-dei-nativi-d,['https://pureportal.coventry.ac.uk/en/persons/luca-morini']
Karakuş M,1 Jan 2013,Measuring intellectual capital in primary schools and examining in terms of some variables,https://pureportal.coventry.ac.uk/en/publications/measuring-intellectual-capital-in-primary-schools-and-examining-i,['https://pureportal.coventry.ac.uk/en/persons/mehmet-karakus']
Karakus M,15 Apr 2013,Turkish adaptation of the scale of “student perceptions of teachers’ knowledge (SPOTK)” and examining in the aspect of some variables,https://pureportal.coventry.ac.uk/en/publications/turkish-adaptation-of-the-scale-of-student-perceptions-of-teacher,['https://pureportal.coventry.ac.uk/en/persons/mehmet-karakus']
Clouder L,20 Aug 2012,"Building confidence, competence and collaboration using technology enhanced learning resources",https://pureportal.coventry.ac.uk/en/publications/building-confidence-competence-and-collaboration-using-technology,['https://pureportal.coventry.ac.uk/en/persons/deanne-clouder']
Morini L,15 Sept 2012,"""Mappe per..."" - Transizioni verso un'ecologia sociale",https://pureportal.coventry.ac.uk/en/publications/mappe-per-transizioni-verso-unecologia-sociale-2,['https://pureportal.coventry.ac.uk/en/persons/luca-morini']
Morini L,10 Dec 2012,"""Mappe per..."" - Transizioni verso un'ecologia sociale",https://pureportal.coventry.ac.uk/en/publications/mappe-per-transizioni-verso-unecologia-sociale,['https://pureportal.coventry.ac.uk/en/persons/luca-morini']
Crawford M,5 Sept 2012,Mapping the Field over 40 Years: A Historical Review,https://pureportal.coventry.ac.uk/en/publications/mapping-the-field-over-40-years-a-historical-review,['https://pureportal.coventry.ac.uk/en/persons/megan-crawford']
Angelov D,2010,Introduction,https://pureportal.coventry.ac.uk/en/publications/introduction-27,['https://pureportal.coventry.ac.uk/en/persons/dimitar-angelov']
Angelov D,2010,Introduction,https://pureportal.coventry.ac.uk/en/publications/introduction-28,['https://pureportal.coventry.ac.uk/en/persons/dimitar-angelov']
Wimpenny K,7 Apr 2010,Participatory action research: An integrated approach towards practice development,https://pureportal.coventry.ac.uk/en/publications/participatory-action-research-an-integrated-approach-towards-prac,['https://pureportal.coventry.ac.uk/en/persons/katherine-wimpenny']
,2010,The Effect of Online Social Networking on Facilitating Sense of Belonging among University Students Living Off Campus.,https://pureportal.coventry.ac.uk/en/publications/the-effect-of-online-social-networking-on-facilitating-sense-of-b,[]
Angelov D,2008,A Heterogeneous Identity: The Case of the Etruscans,https://pureportal.coventry.ac.uk/en/publications/a-heterogeneous-identity-the-case-of-the-etruscans,['https://pureportal.coventry.ac.uk/en/persons/dimitar-angelov']
,1 Mar 2008,Both one and the other: environmental cosmopolitanism and the politics of hybridity,https://pureportal.coventry.ac.uk/en/publications/both-one-and-the-other-environmental-cosmopolitanism-and-the-poli,[]
Karakus M,2008,Eǧitim örgütlerinde entelektüel sermayenin yönetimi,https://pureportal.coventry.ac.uk/en/publications/e%C7%A7itim-%C3%B6rg%C3%BCtlerinde-entelekt%C3%BCel-sermayenin-y%C3%B6netimi,['https://pureportal.coventry.ac.uk/en/persons/mehmet-karakus']
Wimpenny K,30 Sept 2006,Practising cultural sensitivity in virtual spaces,https://pureportal.coventry.ac.uk/en/publications/practising-cultural-sensitivity-in-virtual-spaces,['https://pureportal.coventry.ac.uk/en/persons/katherine-wimpenny']
,2005,Gender mainstreaming or just more male-streaming?,https://pureportal.coventry.ac.uk/en/publications/gender-mainstreaming-or-just-more-male-streaming,[]
Crawford M,1 Dec 2002,The charismatic school leader:  Potent myth or persuasive effect?,https://pureportal.coventry.ac.uk/en/publications/the-charismatic-school-leader-potent-myth-or-persuasive-effect,['https://pureportal.coventry.ac.uk/en/persons/megan-crawford']
Crawford M,1 Dec 1997,Strategic and resource management in primary schools: Evidence from OfSTED inspection reports,https://pureportal.coventry.ac.uk/en/publications/strategic-and-resource-management-in-primary-schools-evidence-fro,['https://pureportal.coventry.ac.uk/en/persons/megan-crawford']
